cin,name,registration_date,address,is_active,created_time
CJQUNXGW,Ramirez-Sanchez,2023-06-09,"416 Mcdonald Gardens Suite 018, Garciashire, ME 95742",true,now()
2875F20M,Allen PLC,2021-11-12,"6092 Robert Cliffs, Wesleyfurt, FL 10178",true,now()
OYLZ0IVB,Reese Ltd,2022-09-12,"PSC 1647, Box 1298, APO AE 06328",true,now()
0ANW1LCD,Duke-Fernandez,2022-11-22,"079 Karen Pines, West Parker, PA 89544",false,now()
43XQBXF7,Curry Inc,2021-09-02,"2619 Shane Pine Suite 440, Ryanshire, NM 30987",true,now()
FPJ83RW3,Snow-Johnson,2021-10-09,"59495 Walker Freeway, West Melissa, OR 79864",true,now()
Q436SGWY,"Gomez, Howard and Sanders",2023-08-19,"204 Reyes Pines, Rachelville, WI 86404",true,now()
CAB0LZYU,Smith Inc,2024-03-12,"501 Munoz Camp Apt. 526, Hernandezhaven, KS 89961",true,now()
P8PVUCWT,Mcconnell Group,2023-01-15,"465 Larry Walks, North Robertburgh, CT 90483",true,now()
H4NMZ4JX,Ramirez-Ball,2020-06-29,"Unit 4266 Box 7958, DPO AE 27686",false,now()
ZRC7ZKRV,Wilson-Garcia,2022-05-22,"019 Johnny Flats Apt. 835, East Rebecca, RI 79225",true,now()
JP16R1H4,"Browning, Hall and Stewart",2024-04-21,"782 Jones Forks Apt. 304, Joshuaville, TN 33363",true,now()
7TYR27C3,"Lee, Robinson and Moore",2021-01-20,"665 Rodney Glen Apt. 722, Davidsonburgh, ID 11213",false,now()
CU9ANNTV,"Taylor, Miller and Cooper",2021-09-05,"211 Jose Spurs, Port Lynn, IN 85181",true,now()
6K5R3GJI,Anderson Group,2020-03-11,"7930 Keith Ramp Suite 083, Manuelstad, WV 60635",true,now()
1Q7N5CUX,"Vaughn, Cortez and Ross",2021-04-30,"041 Jackson Courts, North John, ME 29490",true,now()
UVC707NQ,"Garcia, Sanders and Johnson",2021-05-21,"67139 Lopez Trafficway, Shannonchester, SC 74451",false,now()
KRA62EI6,Adams and Sons,2021-03-24,"5341 Bradley Islands Apt. 970, Garyburgh, WV 19880",false,now()
ALDAYLG9,Bryant Inc,2020-11-08,"21961 Lee Locks, Avilafurt, MA 86074",true,now()
KBG54XQX,Hernandez-Lopez,2020-08-05,"4985 Myers Circle, Dawnbury, OR 30789",true,now()
4A4U8MHS,"Dominguez, Harding and Chung",2024-03-08,"56724 Hart Wall, Mendezstad, AZ 75095",false,now()
NS1CSPMY,"Watson, Hanson and Smith",2020-10-25,"509 Torres Island Suite 923, Davidland, NY 61197",false,now()
E26NFIDL,Baker and Sons,2020-03-04,"427 Oscar Grove Suite 035, Lake Johnfurt, PA 13069",false,now()
FI75L0O9,Parker-Gentry,2021-01-11,"533 Nielsen Canyon, East Joseph, FL 80040",true,now()
ECH91V3L,Henderson-Erickson,2021-09-10,"60562 Henry Road, Port Sarahtown, ND 06407",false,now()
TEWFTLJ5,Hanna-Zuniga,2020-08-13,"746 Parker Way Suite 148, East Blake, IA 80857",false,now()
Q6KSPCQT,"Reyes, Nash and Gross",2021-07-22,"4788 Allen Ways, Jeffreyfort, WI 11208",true,now()
KXLJAI9Y,Moore-Perez,2021-11-17,"19324 Green Fords, Pittsmouth, TN 19023",false,now()
ATTR0FYX,"Martinez, Silva and Howe",2024-08-01,"9274 Kevin Tunnel, South Jonathan, IL 12080",true,now()
GZ98L2X1,Moore LLC,2024-02-27,"38129 Peters Square Suite 310, South Meghanport, HI 95057",false,now()
IY1F6P49,"Gibbs, Wilson and Santiago",2022-03-10,"989 Evelyn Terrace Apt. 791, Jamesfort, MN 44140",true,now()
W912FL9C,Lewis-Oconnor,2020-10-28,"8922 Stephanie Junction, Lake James, CT 02153",false,now()
1CPLBO5J,Palmer-Ramos,2024-05-16,"44961 Lisa Cliffs, Mccallchester, IL 74349",false,now()