companyIdentificationNumber,companyName,registrationDate,fullAddress,isActive, createdTime
F8OY0O0W,"Young, Gomez and Thompson",2020-09-21,"5003 Ponce Vista, Port Jenniferborough, MT 45805",false, now()
CJQUNXGW,Ramirez-Sanchez,2023-06-09,"416 Mcdonald Gardens Suite 018, Garciashire, ME 95742",true, now()
2875F20M,Allen PLC,2021-11-12,"6092 Robert Cliffs, Wesleyfurt, FL 10178",true, now()
LDL93LOZ,Bolton-Gutierrez,2023-03-21,"35376 Bowers Parkways Suite 903, New Jennifer, MT 98996",true, now()
OYLZ0IVB,Reese Ltd,2022-09-12,"PSC 1647, Box 1298, APO AE 06328",true, now()
0ANW1LCD,Duke-Fernandez,2022-11-22,"079 Karen Pines, West Parker, PA 89544",false, now()
GBOIO7SG,Smith LLC,2021-07-20,"PSC 2047, Box 3321, APO AA 25240",true, now()
43XQBXF7,Curry Inc,2021-09-02,"2619 Shane Pine Suite 440, Ryanshire, NM 30987",true, now()
FPJ83RW3,Snow-Johnson,2021-10-09,"59495 Walker Freeway, West Melissa, OR 79864",true, now()
FI7RM46P,Marquez Ltd,2022-06-30,"0479 Gerald Knolls Suite 837, North Michael, TN 85847",true, now()
Q436SGWY,"Gomez, Howard and Sanders",2023-08-19,"204 Reyes Pines, Rachelville, WI 86404",true, now()
CAB0LZYU,Smith Inc,2024-03-12,"501 Munoz Camp Apt. 526, Hernandezhaven, KS 89961",true, now()
W40S5X4Y,Bell LLC,2020-01-02,"948 Gibson Ridge, South Dale, ID 00868",false, now()
P8PVUCWT,Mcconnell Group,2023-01-15,"465 Larry Walks, North Robertburgh, CT 90483",true, now()
H4NMZ4JX,Ramirez-Ball,2020-06-29,"Unit 4266 Box 7958, DPO AE 27686",false, now()
QP1GQKB1,Harris-Jones,2022-11-21,"54818 Allen Divide Apt. 760, Port Donnabury, TX 08056",true, now()
ZRC7ZKRV,Wilson-Garcia,2022-05-22,"019 Johnny Flats Apt. 835, East Rebecca, RI 79225",true, now()
JP16R1H4,"Browning, Hall and Stewart",2024-04-21,"782 Jones Forks Apt. 304, Joshuaville, TN 33363",true, now()
4KMLLQ13,Mckenzie Group,2021-07-05,"9608 Jacqueline Spurs, Port Davidmouth, WA 28616",false, now()
7TYR27C3,"Lee, Robinson and Moore",2021-01-20,"665 Rodney Glen Apt. 722, Davidsonburgh, ID 11213",false, now()
CU9ANNTV,"Taylor, Miller and Cooper",2021-09-05,"211 Jose Spurs, Port Lynn, IN 85181",true, now()
IH27VJIT,Potts-Garcia,2023-07-01,"62970 Beasley Crossing Apt. 675, Dianashire, OH 01387",false, now()
6K5R3GJI,Anderson Group,2020-03-11,"7930 Keith Ramp Suite 083, Manuelstad, WV 60635",true, now()
1Q7N5CUX,"Vaughn, Cortez and Ross",2021-04-30,"041 Jackson Courts, North John, ME 29490",true, now()
UVPZF82U,Hunter-Osborn,2023-03-17,"21990 Peter Divide, North Davidchester, SD 88840",true, now()
UVC707NQ,"Garcia, Sanders and Johnson",2021-05-21,"67139 Lopez Trafficway, Shannonchester, SC 74451",false, now()
KRA62EI6,Adams and Sons,2021-03-24,"5341 Bradley Islands Apt. 970, Garyburgh, WV 19880",false, now()
5DXLBALF,Mitchell Ltd,2020-09-05,"PSC 1508, Box 0675, APO AP 36606",false, now()
ALDAYLG9,Bryant Inc,2020-11-08,"21961 Lee Locks, Avilafurt, MA 86074",true, now()
KBG54XQX,Hernandez-Lopez,2020-08-05,"4985 Myers Circle, Dawnbury, OR 30789",true, now()
8OSWHO3X,"Sims, Hensley and Lopez",2024-10-15,"5823 Padilla Ways Suite 786, West Alexander, UT 36226",false, now()
4A4U8MHS,"Dominguez, Harding and Chung",2024-03-08,"56724 Hart Wall, Mendezstad, AZ 75095",false, now()
NS1CSPMY,"Watson, Hanson and Smith",2020-10-25,"509 Torres Island Suite 923, Davidland, NY 61197",false, now()
I7V6SFGE,Douglas LLC,2021-01-19,"56614 Mary Union Apt. 014, Pierceton, AR 19642",true, now()
E26NFIDL,Baker and Sons,2020-03-04,"427 Oscar Grove Suite 035, Lake Johnfurt, PA 13069",false, now()
FI75L0O9,Parker-Gentry,2021-01-11,"533 Nielsen Canyon, East Joseph, FL 80040",true, now()
D9A020RD,Coleman LLC,2020-09-24,"59118 Tracy Estates Suite 495, West Christopher, CT 53164",false, now()
ECH91V3L,Henderson-Erickson,2021-09-10,"60562 Henry Road, Port Sarahtown, ND 06407",false, now()
TEWFTLJ5,Hanna-Zuniga,2020-08-13,"746 Parker Way Suite 148, East Blake, IA 80857",false, now()
XW3J7VBM,"Smith, Riley and Johnson",2023-11-02,"40882 Johnson Corner Apt. 632, Port Richard, GA 45113",true, now()
Q6KSPCQT,"Reyes, Nash and Gross",2021-07-22,"4788 Allen Ways, Jeffreyfort, WI 11208",true, now()
KXLJAI9Y,Moore-Perez,2021-11-17,"19324 Green Fords, Pittsmouth, TN 19023",false, now()
9Q2T3L5C,Park Inc,2022-09-23,"20024 Cooley Drive Suite 535, Zacharybury, WA 62704",false, now()
ATTR0FYX,"Martinez, Silva and Howe",2024-08-01,"9274 Kevin Tunnel, South Jonathan, IL 12080",true, now()
GZ98L2X1,Moore LLC,2024-02-27,"38129 Peters Square Suite 310, South Meghanport, HI 95057",false, now()
Q7DXDY2C,Martin PLC,2022-01-21,"38821 James Knolls Suite 559, Lake Lindamouth, MN 24212",false, now()
IY1F6P49,"Gibbs, Wilson and Santiago",2022-03-10,"989 Evelyn Terrace Apt. 791, Jamesfort, MN 44140",true, now()
W912FL9C,Lewis-Oconnor,2020-10-28,"8922 Stephanie Junction, Lake James, CT 02153",false, now()
GDGW2C15,"Davenport, Williams and Gonzalez",2020-01-31,"5529 Garcia Extensions Apt. 566, Monicaport, VT 19463",true, now()
1CPLBO5J,Palmer-Ramos,2024-05-16,"44961 Lisa Cliffs, Mccallchester, IL 74349",false, now()
